trial,channel,true_ratio,value_large,value_small,reader_estimate,absolute_error
1,position,0.15,76,11.4,18.0,0.03
2,position,0.25,59,14.75,35.0,0.09999999999999998
3,position,0.4,76,30.4,52.0,0.12
4,position,0.55,68,37.4,64.0,0.08999999999999997
5,position,0.7,61,42.7,78.0,0.08000000000000007
6,position,0.85,64,54.4,86.0,0.010000000000000009
7,length,0.15,70,10.5,16.0,0.010000000000000009
8,length,0.25,86,21.5,38.0,0.13
9,length,0.4,78,31.2,46.0,0.06
10,length,0.55,48,26.4,68.0,0.13
11,length,0.7,88,61.6,75.0,0.050000000000000044
12,length,0.85,48,40.8,90.0,0.050000000000000044
13,angle,0.15,72,10.8,12.0,0.03
14,angle,0.25,80,20.0,42.0,0.16999999999999998
15,angle,0.4,69,27.6,43.0,0.02999999999999997
16,angle,0.55,88,48.4,72.0,0.16999999999999993
17,angle,0.7,68,47.6,83.0,0.13
18,angle,0.85,82,69.7,78.0,0.06999999999999995
19,area,0.15,68,10.2,10.0,0.04999999999999999
20,area,0.25,49,12.25,25.0,0.0
21,area,0.4,86,34.4,39.0,0.010000000000000009
22,area,0.55,60,33.0,54.0,0.010000000000000009
23,area,0.7,45,31.5,69.0,0.010000000000000009
24,area,0.85,79,67.15,76.0,0.08999999999999997
25,colour,0.15,82,12.3,30.0,0.15
26,colour,0.25,79,19.75,20.0,0.04999999999999999
27,colour,0.4,66,26.4,65.0,0.25
28,colour,0.55,64,35.2,45.0,0.10000000000000003
29,colour,0.7,54,37.8,88.0,0.18000000000000005
30,colour,0.85,65,55.25,60.0,0.25
