trial,condition,set_size,target_present,response_time_ms,correct
1,colour,9,1,428.4,True
2,colour,9,0,512.1,True
7,colour,25,1,434.7,True
8,colour,25,0,548.3,True
13,colour,49,1,441.2,True
14,colour,49,0,573.0,True
31,shape,9,1,462.5,True
32,shape,9,0,565.4,True
37,shape,25,1,475.1,True
38,shape,25,0,602.8,True
43,shape,49,1,488.9,True
44,shape,49,0,631.2,True
61,conjunction,9,1,618.3,True
62,conjunction,9,0,880.6,True
67,conjunction,25,1,964.8,True
68,conjunction,25,0,1420.2,True
73,conjunction,49,1,1510.4,True
74,conjunction,49,0,2280.5,True
